ZONE,PRIMARY,SECONDARY,DIRECTIONS 1,IMAGE URL 1,DIRECTIONS 2,IMAGE URL 2,DIRECTIONS 3,IMAGE URL 3,DIRECTIONS 4,IMAGE URL 4
Zone 1,A1,S1,Take a left through doors,https://i.imgur.com/HHDrbTv.jpg
Zone 1,A1,S12,Take a right through doors,https://i.imgur.com/WdXw58J.jpg
Zone 1,A1,S13,Continue straight,https://i.imgur.com/i6KFyzX.jpg,Take a right through doors,https://i.imgur.com/ZLEnhmX.jpg
Zone 1,A1,S14,Continue straight,https://i.imgur.com/i6KFyzX.jpg,Take a right through doors,https://i.imgur.com/vXcXVL8.jpg
Zone 1,A1,S91,Continue straight,https://i.imgur.com/i6KFyzX.jpg,Take a slight left through doors,https://i.imgur.com/GI6fOwx.jpg
Zone 1,A2,S1,Take a slight right through doors,https://i.imgur.com/esQO5ke.jpg
Zone 1,A2,S12,Turn left,https://i.imgur.com/rE9bhfF.jpg,Take a right through doors,https://i.imgur.com/WdXw58J.jpg
Zone 1,A2,S13,Turn left,https://i.imgur.com/rE9bhfF.jpg,Continue straight,https://i.imgur.com/i6KFyzX.jpg,Take a right through doors,https://i.imgur.com/ZLEnhmX.jpg
Zone 1,A2,S14,Turn left,https://i.imgur.com/rE9bhfF.jpg,Continue straight,https://i.imgur.com/i6KFyzX.jpg,Take a right through doors,https://i.imgur.com/vXcXVL8.jpg
Zone 1,A2,S91,Turn left,https://i.imgur.com/rE9bhfF.jpg,Continue straight,https://i.imgur.com/i6KFyzX.jpg,Take a slight left,https://i.imgur.com/GI6fOwx.jpg
Zone 1,A3,S1,Turn right,https://i.imgur.com/TujUXv3.jpg,Continue straight,https://i.imgur.com/FgxdkgI.jpg,Take a slight right through doors,https://i.imgur.com/eLdGe4z.jpg
Zone 1,A3,S12,Turn right,https://i.imgur.com/TujUXv3.jpg,Continue straight,https://i.imgur.com/FgxdkgI.jpg,Take a left through doors,https://i.imgur.com/uDPXmLD.jpg
Zone 1,A3,S13,Turn right,https://i.imgur.com/TujUXv3.jpg,Take a left through doors,https://i.imgur.com/i8Gu1IC.jpg
Zone 1,A3,S14,Continue straight through doors,https://i.imgur.com/9EH5KUU.jpg
Zone 1,A3,S91,Turn right,https://i.imgur.com/TujUXv3.jpg,Take a slight right,https://i.imgur.com/NsDrzOK.jpg
Zone 1,A4,S1,Continue straight,https://i.imgur.com/wx26S7f.jpg,Take a slight right through doors,https://i.imgur.com/eLdGe4z.jpg
Zone 1,A4,S12,Continue straight,https://i.imgur.com/wx26S7f.jpg,Take a left through doors,https://i.imgur.com/uDPXmLD.jpg
Zone 1,A4,S13,Continue straight,https://i.imgur.com/wx26S7f.jpg,Take a left through doors,https://i.imgur.com/i8Gu1IC.jpg
Zone 1,A4,S14,Continue straight,https://i.imgur.com/wx26S7f.jpg,Take a left through doors,https://i.imgur.com/wJRMdK7.jpg
Zone 1,A4,S15,Turn right,https://i.imgur.com/2xacysO.jpg,Continue straight through doors,https://i.imgur.com/HEYjjMj.jpg
Zone 1,A4,S16,Take a slight right,https://i.imgur.com/kBKjDX3.jpg,Continue straight,https://i.imgur.com/j6hiRm4.jpg,Take a right through doors,https://i.imgur.com/OX7iZIO.jpg
Zone 1,A4,S91,Continue straight,https://i.imgur.com/wx26S7f.jpg,Take a slight right,https://i.imgur.com/NsDrzOK.jpg

Zone 2,A5,S8,Continue straight,https://i.imgur.com/oFMzL8j.jpg,"Turn left, take stairs down",https://i.imgur.com/MGhiEKl.jpg,Continue straight through doors,https://i.imgur.com/s8wyNLm.jpg
Zone 2,A5,S9,Continue straight,https://i.imgur.com/oFMzL8j.jpg,"Turn left, take stairs down",https://i.imgur.com/MGhiEKl.jpg,Take a slight left through doors,https://i.imgur.com/IAqYt9Y.jpg
Zone 2,A5,S10,Continue straight,https://i.imgur.com/XodRY4k.jpg,Take a slight right through door,https://i.imgur.com/PyERVHf.jpg
Zone 2,A5,S11,Continue straight,https://i.imgur.com/XodRY4k.jpg,Take a slight right through door,https://i.imgur.com/PyERVHf.jpg
Zone 2,A5,S15,Continue straight,https://i.imgur.com/U1DT2dF.jpg,Take a slight left,https://i.imgur.com/je3dNzr.jpg,Take a left through doors,https://i.imgur.com/AMb23YF.jpg
Zone 2,A5,S16,Continue straight through doors,https://i.imgur.com/tB3fPDe.jpg
Zone 2,A6,S8,Continue straight,https://i.imgur.com/XxcnxYz.jpg,"Turn right, take stairs down",https://i.imgur.com/4TWJLW2.jpg,Take a slight right through doors,https://i.imgur.com/s8wyNLm.jpg
Zone 2,A6,S9,Continue straight,https://i.imgur.com/XxcnxYz.jpg,"Turn right, take stairs down",https://i.imgur.com/4TWJLW2.jpg,Take a slight left through doors,https://i.imgur.com/IAqYt9Y.jpg
Zone 2,A6,S10,Continue straight,https://i.imgur.com/XxcnxYz.jpg,Take stairs down,https://i.imgur.com/XodRY4k.jpg,Take a slight right through door,https://i.imgur.com/PyERVHf.jpg
Zone 2,A6,S11,Continue straight,https://i.imgur.com/XxcnxYz.jpg,Take stairs down,https://i.imgur.com/XodRY4k.jpg,Take a right through door,https://i.imgur.com/PyERVHf.jpg

Zone 3,A7,S15,Take a slight left,https://i.imgur.com/IeuG3vq.jpg,Take a left through doors,https://i.imgur.com/AMb23YF.jpg
Zone 3,A7,S16,Take a slight left,https://i.imgur.com/NrN99cU.jpg,Take a right through door,https://i.imgur.com/OX7iZIO.jpg
Zone 3,A7,S18,Continue straight; then take slight right,https://i.imgur.com/DYbx6Gz.jpg,Take a left through doors,https://i.imgur.com/uJjEySv.jpg
Zone 3,A7,S19,Take a slight left,https://i.imgur.com/zs6JU00.jpg,Take a left through doors,https://i.imgur.com/TwcuYc1.jpg
Zone 3,A7,S93,Continue straight,https://i.imgur.com/mJAUh1m.jpg
Zone 3,A7,S94,Continue straight; then right,https://i.imgur.com/mJAUh1m.jpg,Exit building,https://i.imgur.com/8mw1Gvd.jpg,Take a left through doors,https://i.imgur.com/PxQg8xz.jpg

Zone 4,A10,S18,Take a slight left,https://i.imgur.com/s2CFcP0.jpg,Take a left through doors,https://i.imgur.com/uJjEySv.jpg
Zone 4,A10,S19,Take a slight right,https://i.imgur.com/Wjmce9v.jpg
Zone 4,A10,S20,Continue straight,https://i.imgur.com/ecsMfzT.jpg,Continue straight through doors,https://i.imgur.com/zXGvz4L.jpg
Zone 4,A10,S21,Continue straight,https://i.imgur.com/ecsMfzT.jpg,Take a right through doors,https://i.imgur.com/VLWi2zQ.jpg
Zone 4,A10,S22,Continue straight,https://i.imgur.com/ecsMfzT.jpg,Take a right through doors,https://i.imgur.com/BGC72fV.jpg
Zone 4,A10,S93,Continue straight; then left,https://i.imgur.com/3MXPKCJ.jpg
Zone 4,A10,S94,Continue straight; then left,https://i.imgur.com/3MXPKCJ.jpg,Exit building,https://i.imgur.com/8mw1Gvd.jpg,Take a left through doors,https://i.imgur.com/PxQg8xz.jpg
Zone 4,A27,S18,Turn left,https://i.imgur.com/ZWG16fR.jpg,Enter building,https://i.imgur.com/GU9g9lk.jpg,Take a right through doors,https://i.imgur.com/iUyFLfl.jpg
Zone 4,A27,S19,Turn left,https://i.imgur.com/ZWG16fR.jpg,Enter building,https://i.imgur.com/GU9g9lk.jpg,Continue straight,https://i.imgur.com/8wvbMlA.jpg
Zone 4,A27,S93,Turn left,https://i.imgur.com/ZWG16fR.jpg,Enter building,https://i.imgur.com/GU9g9lk.jpg,Continue straight; then take slight right,https://i.imgur.com/8wvbMlA.jpg
Zone 4,A27,S94,Turn left,https://i.imgur.com/ZWG16fR.jpg,Take a right through doors,https://i.imgur.com/CSY1X8u.jpg
Zone 4,A28,S18,Turn left,https://i.imgur.com/ZWG16fR.jpg,Enter building,https://i.imgur.com/GU9g9lk.jpg,Take a right through doors,https://i.imgur.com/iUyFLfl.jpg
Zone 4,A28,S19,Turn left,https://i.imgur.com/ZWG16fR.jpg,Enter building,https://i.imgur.com/GU9g9lk.jpg,Continue straight,https://i.imgur.com/8wvbMlA.jpg
Zone 4,A28,S93,Turn left,https://i.imgur.com/ZWG16fR.jpg,Enter building,https://i.imgur.com/GU9g9lk.jpg,Continue straight; then take slight right,https://i.imgur.com/8wvbMlA.jpg
Zone 4,A28,S94,Take a slight left through doors,https://i.imgur.com/CSY1X8u.jpg
Zone 4,A29,S18,Enter building,https://i.imgur.com/TIUcKGd.jpg,Take a right through doors,https://i.imgur.com/iUyFLfl.jpg
Zone 4,A29,S19,Enter building,https://i.imgur.com/TIUcKGd.jpg,Continue straight,https://i.imgur.com/8wvbMlA.jpg,Take a left through doors,https://i.imgur.com/TwcuYc1.jpg
Zone 4,A29,S93,Enter building,https://i.imgur.com/TIUcKGd.jpg,Continue straight; then take slight right,https://i.imgur.com/8wvbMlA.jpg
Zone 4,A29,S94,Continue straight through doors,https://i.imgur.com/C2yXa4i.jpg

Zone 5,A11,S20,Turn left,https://i.imgur.com/cxfDdbT.jpg,Take a left through doors,https://i.imgur.com/b4WCheN.jpg
Zone 5,A11,S21,Turn left,https://i.imgur.com/cxfDdbT.jpg,Take a left through doors,https://i.imgur.com/DaaWlsp.jpg
Zone 5,A11,S22,Turn right,https://i.imgur.com/qwZsxFT.jpg,Take a right through doors,https://i.imgur.com/BGC72fV.jpg
Zone 5,A13,S20,Turn left,https://i.imgur.com/jPbcDwN.jpg,Continue straight,https://i.imgur.com/bpmB2yG.jpg,Take a left through doors,https://i.imgur.com/b4WCheN.jpg
Zone 5,A13,S21,Turn left,https://i.imgur.com/jPbcDwN.jpg,Take a left through doors,https://i.imgur.com/DaaWlsp.jpg
Zone 5,A13,S22,Turn left,https://i.imgur.com/jPbcDwN.jpg,Take a left through doors,https://i.imgur.com/QmPUpzY.jpg
Zone 5,A14,S20,Turn right,https://i.imgur.com/tY4g56V.jpg,Continue straight,https://i.imgur.com/bpmB2yG.jpg,Take a left through doors,https://i.imgur.com/b4WCheN.jpg
Zone 5,A14,S21,Turn right,https://i.imgur.com/tY4g56V.jpg,Take a left through doors,https://i.imgur.com/DaaWlsp.jpg
Zone 5,A14,S22,Turn right,https://i.imgur.com/tY4g56V.jpg,Take a left through doors,https://i.imgur.com/QmPUpzY.jpg
Zone 5,A14,S23,Take stairs up,https://i.imgur.com/QY7lRVu.jpg,Take a left through doors,https://i.imgur.com/7ykEk0L.jpg
Zone 5,A14,S24,Take stairs up,https://i.imgur.com/QY7lRVu.jpg,Take a slight left through doors,https://i.imgur.com/iUvI5lp.jpg

Zone 6,A16,S23,Take a slight right through doors,https://i.imgur.com/4fXOjOd.jpg
Zone 6,A16,S24,Turn right,https://i.imgur.com/CSLGjEV.jpg,Take a slight left through doors,https://i.imgur.com/iUvI5lp.jpg
Zone 6,A16,S25,Continue straight,https://i.imgur.com/VQxmZPl.jpg,Continue straight through doors,https://i.imgur.com/VskO10k.jpg

Zone 7,A17,S25,Take stairs down,https://i.imgur.com/zDPu8gD.jpg,Take a right through doors,https://i.imgur.com/2mj6Kru.jpg
Zone 7,A18,S25,Take a left through doors,https://i.imgur.com/8kSu6BG.jpg
Zone 7,A18,S26,Take a left through doors,https://i.imgur.com/pum0PQ0.jpg
Zone 7,A18,S27,Take a right through doors,https://i.imgur.com/GwzuBYS.jpg

Zone 8,A19,S26,Take a right through doors,https://i.imgur.com/U0qnxCv.jpg
Zone 8,A19,S27,Take a left through doors,https://i.imgur.com/IJhFiV3.jpg
Zone 8,A19,S28,Take a right through doors,https://i.imgur.com/vrmorT6.jpg,Continue straight,https://i.imgur.com/3j1PPWA.jpg
Zone 8,A19,S29,Take a right through doors,https://i.imgur.com/vrmorT6.jpg,Continue straight,https://i.imgur.com/3j1PPWA.jpg,Take a left through doors,https://i.imgur.com/0LywMWo.jpg
Zone 8,A19,S30,Take a right through doors,https://i.imgur.com/vrmorT6.jpg

Zone 10,A20,S28,Continue straight through doors,https://i.imgur.com/dH6Lapy.jpg,Continue straight,https://i.imgur.com/3j1PPWA.jpg
Zone 10,A20,S29,Continue straight through doors,https://i.imgur.com/dH6Lapy.jpg,Continue straight,https://i.imgur.com/3j1PPWA.jpg,Take a left through doors,https://i.imgur.com/0LywMWo.jpg
Zone 10,A20,S30,Continue straight through doors,https://i.imgur.com/dH6Lapy.jpg
Zone 10,A20,S31,Take a left through doors,https://i.imgur.com/nTAgwmC.jpg
Zone 10,A20,S32,Take a right through doors,https://i.imgur.com/UwbPqbD.jpg
Zone 10,A21,S31,Continue straight,https://i.imgur.com/1pwLYXK.jpg,Take a right through doors,https://i.imgur.com/1udfvYW.jpg
Zone 10,A21,S32,Continue straight,https://i.imgur.com/1pwLYXK.jpg,Continue straight through doors,https://i.imgur.com/FRIEu40.jpg
Zone 10,A21,S33,Take a slight left,https://i.imgur.com/Qp3YNaR.jpg

Zone 11,A15,S23,Turn right,https://i.imgur.com/3wJZ8s6.jpg,Take a right through doors,https://i.imgur.com/hARVnZ0.jpg
Zone 11,A15,S24,Take a left through doors,https://i.imgur.com/aBGSwTy.jpg
Zone 11,A15,S33,Continue straight,https://i.imgur.com/bHKefcK.jpg,Take a left through doors,
Zone 11,A22,S33,Turn right,https://i.imgur.com/Lvon1Ne.jpg,Take a right through doors,
Zone 11,A22,S39,Turn right,https://i.imgur.com/AL314g3.jpg,Take a right through door,https://i.imgur.com/OnhgLcE.jpg
Zone 11,A22,S40,Turn right,https://i.imgur.com/AL314g3.jpg,Take a right through door,https://i.imgur.com/h6u3mr3.jpg

Zone 12,A23,S34,Take a left through doors,https://i.imgur.com/WE3wWRO.jpg
Zone 12,A23,S35,Take a right through door,https://i.imgur.com/1NabRa7.jpg
Zone 12,A23,S36,Take a left through door,https://i.imgur.com/EfhuIvk.jpg
Zone 12,A23,S37,Take a right through door,https://i.imgur.com/dsAwMYw.jpg
Zone 12,A23,S38,Take a left through door,https://i.imgur.com/xaY729J.jpg
Zone 12,A23,S39,Turn left,https://i.imgur.com/QQoFM1s.jpg,Turn right,https://i.imgur.com/AL314g3.jpg,Take a right through door,https://i.imgur.com/OnhgLcE.jpg
Zone 12,A23,S40,Turn left,https://i.imgur.com/QQoFM1s.jpg,Turn right,https://i.imgur.com/AL314g3.jpg,Take a right through door,https://i.imgur.com/h6u3mr3.jpg
Zone 12,A24,S39,Take a slight right,https://i.imgur.com/0ZgS4yb.jpg
Zone 12,A24,S40,Continue straight through door,https://i.imgur.com/iajG3mN.jpg
Zone 12,A24,S42,Continue straight through door,https://i.imgur.com/Faj2qzl.jpg
Zone 12,A24,S43,Continue straight,https://i.imgur.com/neYuQUp.jpg,Take a right through door,https://i.imgur.com/jSdBufC.jpg
Zone 12,A24,S44,Continue straight,https://i.imgur.com/neYuQUp.jpg,Take a right through door,https://i.imgur.com/vNsW32y.jpg
Zone 12,A24,S45,Continue straight,https://i.imgur.com/neYuQUp.jpg,Take a right through door,https://i.imgur.com/KmlPJhX.jpg

Zone 13,A12,S20,Turn right,https://i.imgur.com/4ezWaAo.jpg,Continue straight,https://i.imgur.com/bpmB2yG.jpg,Take a left through doors,https://i.imgur.com/b4WCheN.jpg
Zone 13,A12,S21,Turn right,https://i.imgur.com/NZNsXpw.jpg
Zone 13,A12,S22,Continue straight through doors,https://i.imgur.com/0EBC8KH.jpg
Zone 13,A12,S34,Take a right through door,https://i.imgur.com/emZJAmf.jpg
Zone 13,A12,S35,Take a left through door,https://i.imgur.com/kB7IClf.jpg
Zone 13,A12,S36,Take a right through door,https://i.imgur.com/hkprXCS.jpg
Zone 13,A12,S37,Take a left through door,https://i.imgur.com/XGlWxum.jpg
Zone 13,A12,S38,Take a right through door,https://i.imgur.com/EHPqeXp.jpg

Zone 14,A8,S15,Continue straight through doors,https://i.imgur.com/WcIuqcy.jpg
Zone 14,A8,S16,Take a slight left,https://i.imgur.com/ryv6SF0.jpg,Take a right through door,https://i.imgur.com/OX7iZIO.jpg
Zone 14,A8,S42,Continue straight,https://i.imgur.com/L5UsMIs.jpg,Take a left through door,https://i.imgur.com/stZ1JQY.jpg
Zone 14,A8,S43,Continue straight,https://i.imgur.com/L5UsMIs.jpg,Take a left through door,https://i.imgur.com/xmjkZGB.jpg
Zone 14,A8,S44,Continue straight,https://i.imgur.com/L5UsMIs.jpg,Take a left through door,https://i.imgur.com/EIlw3qH.jpg
Zone 14,A8,S45,Continue straight,https://i.imgur.com/L5UsMIs.jpg,Take a left through door,https://i.imgur.com/BBhruIA.jpg
Zone 14,A9,S18,Take a left through doors,https://i.imgur.com/AoraB9e.jpg,Turn right,https://i.imgur.com/2UvZzyA.jpg,Take a slight left through doors,https://i.imgur.com/uJjEySv.jpg
Zone 14,A9,S19,Take a left through doors,https://i.imgur.com/AoraB9e.jpg,Take a slight left,https://i.imgur.com/ksapCVp.jpg,Take a left through doors,https://i.imgur.com/TwcuYc1.jpg
Zone 14,A9,S42,Turn right,https://i.imgur.com/wd8S838.jpg,Take a left through door,https://i.imgur.com/stZ1JQY.jpg
Zone 14,A9,S43,Turn right,https://i.imgur.com/wd8S838.jpg,Take a left through door,https://i.imgur.com/xmjkZGB.jpg
Zone 14,A9,S44,Turn right,https://i.imgur.com/wd8S838.jpg,Take a left through door,https://i.imgur.com/EIlw3qH.jpg
Zone 14,A9,S45,Turn left,https://i.imgur.com/f2MphBd.jpg,Take a right through door,https://i.imgur.com/5dFH33P.jpg
Zone 14,A9,S93,Take a left through doors,https://i.imgur.com/AoraB9e.jpg,Take a slight right,https://i.imgur.com/mJAUh1m.jpg
Zone 14,A9,S94,Take a left through doors,https://i.imgur.com/AoraB9e.jpg,Take a slight right,https://i.imgur.com/2UvZzyA.jpg,Exit building,https://i.imgur.com/8mw1Gvd.jpg

Zone 17,B1,S46,Take a left through doors,https://i.imgur.com/UuvQyd7.jpg
Zone 17,B1,S47,Take stairs up,https://i.imgur.com/BmUHZRW.jpg,Take a slight left,https://i.imgur.com/Z3mESaA.jpg,Continue straight through doors,https://i.imgur.com/TTqCWi7.jpg
Zone 17,B1,S48,Take stairs up,https://i.imgur.com/BmUHZRW.jpg,Take a slight left,https://i.imgur.com/Z3mESaA.jpg,Continue straight through doors,https://i.imgur.com/0W3zedq.jpg
Zone 17,B2,S46,Take a slight left,https://i.imgur.com/c5dOi6W.jpg,Continue straight through doors,https://i.imgur.com/AjgEI4Q.jpg
Zone 17,B2,S47,Take a slight left,https://i.imgur.com/c5dOi6W.jpg,Take stairs up,https://i.imgur.com/3sfigkn.jpg,Take a slight left,https://i.imgur.com/Z3mESaA.jpg
Zone 17,B2,S48,Take a slight left,https://i.imgur.com/c5dOi6W.jpg,Take stairs up,https://i.imgur.com/3sfigkn.jpg,Take a slight left,https://i.imgur.com/Z3mESaA.jpg
Zone 17,B3,S46,Take stairs down,https://i.imgur.com/I2MJFWq.jpg,Take a right through doors,https://i.imgur.com/AjgEI4Q.jpg
Zone 17,B3,S47,Turn right,https://i.imgur.com/dtnrJRF.jpg,Continue straight,https://i.imgur.com/TTqCWi7.jpg
Zone 17,B3,S48,Turn right,https://i.imgur.com/dtnrJRF.jpg,Continue straight through doors,https://i.imgur.com/0W3zedq.jpg
Zone 17,B4,S46,Take a slight left,https://i.imgur.com/aLEVwg7.jpg,Continue straight,https://i.imgur.com/I2MJFWq.jpg,Take a right through doors,https://i.imgur.com/OJXo5mZ.jpg
Zone 17,B4,S47,Continue straight,https://i.imgur.com/NuJnA0Z.jpg,Arrived,https://i.imgur.com/TTqCWi7.jpg
Zone 17,B4,S48,Continue straight,https://i.imgur.com/NuJnA0Z.jpg,Take a slight right through doors,https://i.imgur.com/0W3zedq.jpg
Zone 17,B4,S49,Take a slight right,https://i.imgur.com/T0bgTjs.jpg
Zone 17,B4,S50,Take a slight right,https://i.imgur.com/teytsBl.jpg
Zone 17,B4,S51,Take a slight right,https://i.imgur.com/MgIBrix.jpg
Zone 17,B4,S52,Take a slight right,https://i.imgur.com/6jEHajj.jpg

Zone 19,B18,S65,Continue straight,https://i.imgur.com/53K9ztJ.jpg,Continue straight,https://i.imgur.com/qVy0sBE.jpg
Zone 19,B18,S66,Continue straight,https://i.imgur.com/53K9ztJ.jpg,Take a slight right,https://i.imgur.com/tG87EHx.jpg
Zone 19,B18,S67,Continue straight,https://i.imgur.com/53K9ztJ.jpg,Take a slight right,https://i.imgur.com/16qpKmd.jpg
Zone 19,B18,S68,Continue straight,https://i.imgur.com/53K9ztJ.jpg,Take a slight right,https://i.imgur.com/6QA0NRN.jpg
Zone 19,B18,S69,Turn right,https://i.imgur.com/wGpzy3I.jpg
Zone 19,B18,S73,Turn right,https://i.imgur.com/69v0gxF.jpg,Continue straight,https://i.imgur.com/72yIcnH.jpg,Continue straight,https://i.imgur.com/4SCMBK1.jpg

Zone 21,C3,S95,Turn left,https://i.imgur.com/O8CUxtr.jpg,Continue straight,https://i.imgur.com/7cEaK5d.jpg,Take a slight left through doors,https://i.imgur.com/tTCGBDf.jpg
Zone 21,C3,S99,Turn left,https://i.imgur.com/O8CUxtr.jpg,Continue straight,https://i.imgur.com/7cEaK5d.jpg,Take a slight right through doors,https://i.imgur.com/hU7DXTH.jpg

Zone 22,C6,S78,Turn right,https://i.imgur.com/z0PdbaC.jpg,Continue straight,https://i.imgur.com/NtKxDzE.jpg,Continue straight,https://i.imgur.com/UeSQubT.jpg
Zone 22,C6,S79,Turn right,https://i.imgur.com/z0PdbaC.jpg,Continue straight,https://i.imgur.com/NtKxDzE.jpg,Turn right,https://i.imgur.com/hu7YeI0.jpg
Zone 22,C6,S80,Turn left,https://i.imgur.com/NkuFiPg.jpg,Take a right through doors,https://i.imgur.com/AVERJ8t.jpg
Zone 22,C6,S81,Turn left,https://i.imgur.com/NkuFiPg.jpg,Take a slight left,https://i.imgur.com/P06rZeW.jpg
Zone 22,C6,S82,Turn left,https://i.imgur.com/NkuFiPg.jpg,Continue straight,https://i.imgur.com/rhxBN6z.jpg,Take a slight left through doors,https://i.imgur.com/BaAaAlI.jpg
Zone 22,C6,S83,Turn left,https://i.imgur.com/NkuFiPg.jpg,Continue straight,https://i.imgur.com/rhxBN6z.jpg,Take a slight right through doors,https://i.imgur.com/gUQQB5I.jpg
Zone 22,C6,S84,Take a slight left through doors,https://i.imgur.com/Bd1K9mG.jpg,Take a slight left through doors,https://i.imgur.com/Bd1K9mG.jpg
Zone 22,C6,S85,Turn right,https://i.imgur.com/JYbBcOw.jpg,Continue straight through doors,https://i.imgur.com/AIifikU.jpg,Turn right,https://i.imgur.com/JYbBcOw.jpg,Continue straight through doors,https://i.imgur.com/AIifikU.jpg

Zone 23,C7,S84,Continue straight through doors,
Zone 23,C7,S85,Turn right,https://i.imgur.com/vc0OaP5.jpg,Turn right,https://i.imgur.com/JYbBcOw.jpg,Continue straight through doors,https://i.imgur.com/AIifikU.jpg
Zone 23,C8,S84,Turn left,https://i.imgur.com/sQCKbVh.jpg,Take a slight right through doors,https://i.imgur.com/FdjhqDB.jpg
Zone 23,C8,S85,Continue straight through doors,https://i.imgur.com/AIifikU.jpg

Zone 24,D3,S86,Turn right,https://i.imgur.com/CeZnRAH.jpg,Continue straight,https://i.imgur.com/uaku62j.jpg,Take a slight left through doors,https://i.imgur.com/7a0eTxa.jpg
Zone 24,D3,S87,Turn right,https://i.imgur.com/CeZnRAH.jpg,Continue straight through doors,https://i.imgur.com/WEl9waB.jpg
Zone 24,D3,S88,Turn left,https://i.imgur.com/VcdjdjF.jpg,Take a slight left,https://i.imgur.com/ki4q442.jpg
Zone 24,D3,S89,Turn left,https://i.imgur.com/VcdjdjF.jpg,Continue straight,https://i.imgur.com/h9aiepW.jpg,Continue straight through doors,https://i.imgur.com/GPfvrPn.jpg
Zone 24,D3,S90,Turn right,https://i.imgur.com/8xzj7Uq.jpg,Continue straight through doors,https://i.imgur.com/ywzETqG.jpg

Zone 25,D4,S90,Turn right,https://i.imgur.com/8xzj7Uq.jpg,Continue straight through doors,https://i.imgur.com/ywzETqG.jpg
Zone 25,D5,S90,Turn right,https://i.imgur.com/LnzkGpr.jpg,Continue straight through doors,https://i.imgur.com/wVH7Pec.jpg

OutZone 1,B7,S49,Take a slight left,https://i.imgur.com/j7xLS0P.jpg
OutZone 1,B7,S50,Take a slight left,https://i.imgur.com/xn2BAvq.jpg
OutZone 1,B7,S51,Take a slight left,https://i.imgur.com/JZhy7M7.jpg
OutZone 1,B7,S52,Take a slight left,https://i.imgur.com/HF6yjD7.jpg
OutZone 1,B7,S53,Take a slight left,https://i.imgur.com/7nPPa3V.jpg
OutZone 1,B8,S53,Continue straight,https://i.imgur.com/33bLJZ1.jpg,Continue straight,https://i.imgur.com/Q86yFfX.jpg
OutZone 1,B8,S54,Continue straight through doors,https://i.imgur.com/Tf91gGc.jpg
OutZone 1,B8,S55,Continue straight,https://i.imgur.com/Lb4LFwU.jpg,Turn right,https://i.imgur.com/9Fmrb45.jpg
OutZone 1,B8,S56,Continue straight,https://i.imgur.com/Lb4LFwU.jpg,Turn right,https://i.imgur.com/9Fmrb45.jpg,Take a slight left through doors,https://i.imgur.com/LfIZNfF.jpg

OutZone 2,B5,S49,Continue straight,https://i.imgur.com/dBg2fTt.jpg,Take a slight right,https://i.imgur.com/T0bgTjs.jpg
OutZone 2,B5,S50,Continue straight,https://i.imgur.com/dBg2fTt.jpg,Take a slight right,https://i.imgur.com/teytsBl.jpg
OutZone 2,B5,S51,Continue straight,https://i.imgur.com/dBg2fTt.jpg,Take a slight right,https://i.imgur.com/MgIBrix.jpg
OutZone 2,B5,S52,Continue straight,https://i.imgur.com/dBg2fTt.jpg,Take a slight right,https://i.imgur.com/6jEHajj.jpg
OutZone 2,B5,S54,Continue straight,https://i.imgur.com/inwlKgS.jpg,Take a slight right,https://i.imgur.com/J0HCsrR.jpg
OutZone 2,B5,S55,Continue straight,https://i.imgur.com/inwlKgS.jpg,Take a slight right,https://i.imgur.com/9Fmrb45.jpg
OutZone 2,B5,S56,Continue straight,https://i.imgur.com/inwlKgS.jpg,Take a slight left through doors,https://i.imgur.com/LfIZNfF.jpg
OutZone 2,B6,S49,Continue straight,https://i.imgur.com/k83CgRP.jpg
OutZone 2,B6,S50,Continue straight,https://i.imgur.com/iUecN38.jpg,Take a slight right,https://i.imgur.com/teytsBl.jpg
OutZone 2,B6,S51,Continue straight,https://i.imgur.com/iUecN38.jpg,Take a slight right,https://i.imgur.com/MgIBrix.jpg
OutZone 2,B6,S52,Continue straight,https://i.imgur.com/iUecN38.jpg,Take a slight right,https://i.imgur.com/6jEHajj.jpg
OutZone 2,B6,S54,Continue straight,https://i.imgur.com/inwlKgS.jpg
OutZone 2,B6,S55,Take a slight left,https://i.imgur.com/wBVHfix.jpg,Take a slight right,https://i.imgur.com/9Fmrb45.jpg
OutZone 2,B6,S56,Take a slight left,https://i.imgur.com/wBVHfix.jpg,Take a slight left through doors,https://i.imgur.com/LfIZNfF.jpg
OutZone 2,B10,S58,Continue straight through doors,https://i.imgur.com/LvUld1U.jpg
OutZone 2,B43,S55,Turn left,,Continue straight,https://i.imgur.com/p3AP4EL.jpg,Take a right through doors,https://i.imgur.com/zR9YaTd.jpg
OutZone 2,B43,S56,Turn left,,Take a right through doors,https://i.imgur.com/HZBMp0L.jpg

OutZone 3,B13,S58,Take a slight right through doors,https://i.imgur.com/M0wnPON.jpg
OutZone 3,B13,S59,Continue straight,https://i.imgur.com/YbCjMdf.jpg,Take a slight right,https://i.imgur.com/UfOtRVa.jpg
OutZone 3,B32,S58,Take a slight left through doors,https://i.imgur.com/HxSz3eS.jpg

OutZone 4,B14,S59,Take a slight left through doors,https://i.imgur.com/Lq8FRXd.jpg
OutZone 4,B14,S60,Continue straight,https://i.imgur.com/YbCjMdf.jpg,Continue straight through doors,https://i.imgur.com/NAxViM9.jpg
OutZone 4,B14,S61,Continue straight,https://i.imgur.com/YbCjMdf.jpg,Continue straight through doors,https://i.imgur.com/3PDMfCp.jpg

OutZone 5,B15,S60,Take a slight right,https://i.imgur.com/RCRuCxX.jpg,Continue straight through doors,https://i.imgur.com/RUUSQ46.jpg
OutZone 5,B15,S61,Take a slight left,https://i.imgur.com/zpzs23J.jpg,Continue straight through doors,https://i.imgur.com/3PDMfCp.jpg
OutZone 5,B15,S63,Take a slight left,https://i.imgur.com/yf0wb1Z.jpg,Take a slight right through doors,https://i.imgur.com/AdxhswP.jpg
OutZone 5,B15,S64,Turn right,https://i.imgur.com/3WZz0FB.jpg
OutZone 5,B16,S63,Turn right to enter building,https://i.imgur.com/FX18EIa.jpg,Take a slight right through doors,https://i.imgur.com/6UNaUyZ.jpg
OutZone 5,B16,S64,Take a slight left,https://i.imgur.com/8YHKnBL.jpg,Continue straight,https://i.imgur.com/zJ2zCHd.jpg,Turn left,https://i.imgur.com/3WZz0FB.jpg
OutZone 5,B16,S65,Continue straight,https://i.imgur.com/NmpcKnM.jpg
OutZone 5,B16,S66,Continue straight,https://i.imgur.com/Pyetv3I.jpg,Take a slight left,https://i.imgur.com/Ey68L5V.jpg
OutZone 5,B16,S67,Continue straight,https://i.imgur.com/Pyetv3I.jpg,Take a slight left,https://i.imgur.com/62Y8ApX.jpg
OutZone 5,B16,S68,Continue straight,https://i.imgur.com/Pyetv3I.jpg,Take a slight left,https://i.imgur.com/xwFj8VR.jpg
OutZone 5,B16,S69,Continue straight,https://i.imgur.com/Pyetv3I.jpg,Take a slight left,https://i.imgur.com/Fo4PSNu.jpg
OutZone 5,B17,S63,Take a slight right,https://i.imgur.com/l0ZDwn5.jpg,Take a slight right through doors,https://i.imgur.com/6UNaUyZ.jpg
OutZone 5,B17,S64,Turn left,https://i.imgur.com/GRzJp3X.jpg,Take a slight right,https://i.imgur.com/3WZz0FB.jpg
OutZone 5,B17,S65,Take a slight left,https://i.imgur.com/rVyR9Co.jpg
OutZone 5,B17,S66,Take a slight left,https://i.imgur.com/Ey68L5V.jpg
OutZone 5,B17,S67,Take a slight left,https://i.imgur.com/62Y8ApX.jpg
OutZone 5,B17,S68,Take a slight left,https://i.imgur.com/xwFj8VR.jpg
OutZone 5,B17,S69,Continue straight,https://i.imgur.com/k3au9hS.jpg,Turn left,https://i.imgur.com/Fo4PSNu.jpg
OutZone 5,B35,S63,Take a slight right,https://i.imgur.com/Tye8vGh.jpg,Take a slight right through doors,https://i.imgur.com/6UNaUyZ.jpg
OutZone 5,B35,S64,Continue straight,https://i.imgur.com/EL3DrXW.jpg,Turn left,https://i.imgur.com/dHW235j.jpg
OutZone 5,B35,S65,Turn left,https://i.imgur.com/50x2cT7.jpg,Continue straight,https://i.imgur.com/5dOffEi.jpg
OutZone 5,B35,S66,Turn left,https://i.imgur.com/50x2cT7.jpg,Take a slight right,https://i.imgur.com/tG87EHx.jpg
OutZone 5,B35,S67,Take a slight left,https://i.imgur.com/ucmFk66.jpg,Take a slight right,https://i.imgur.com/16qpKmd.jpg
OutZone 5,B35,S68,Continue straight,https://i.imgur.com/3SOPSpt.jpg,Take a slight right,https://i.imgur.com/6QA0NRN.jpg
OutZone 5,B35,S69,Continue straight; then right,https://i.imgur.com/3SOPSpt.jpg,Take a slight left,https://i.imgur.com/Fo4PSNu.jpg

OutZone 6,B29,S60,Continue straight,https://i.imgur.com/d6T3KZt.jpg,Continue straight through doors,https://i.imgur.com/rtrhoAA.jpg
OutZone 6,B29,S61,Continue straight,https://i.imgur.com/d6T3KZt.jpg,Continue straight through doors,https://i.imgur.com/J5QE2HP.jpg
OutZone 6,B29,S75,Take a slight right through doors,https://i.imgur.com/ZYoeTTM.jpg

OutZone 7,B27,S75,Continue straight,https://i.imgur.com/wnrQA2P.jpg,Take a slight left through doors,https://i.imgur.com/sa71l1T.jpg
OutZone 7,B28,S75,Continue straight,https://i.imgur.com/5GZY0Zb.jpg,Take a slight left through doors,https://i.imgur.com/sa71l1T.jpg
OutZone 7,B50,S75,Take a slight right,https://i.imgur.com/iMhS6Ej.jpg,Take a slight left through doors,https://i.imgur.com/sa71l1T.jpg

OutZone 8,B30,S74,Continue straight,https://i.imgur.com/JGnn0v2.jpg,Take a slight left through doors,https://i.imgur.com/vffQJNJ.jpg

OutZone 9,B31,S74,Take a slight right,https://i.imgur.com/fuShqCr.jpg,Take a slight left through doors,https://i.imgur.com/vffQJNJ.jpg

OutZone 11,B23,S73,Continue straight; then left,https://i.imgur.com/sOxOHra.jpg,Continue straight,https://i.imgur.com/72yIcnH.jpg,Continue straight,https://i.imgur.com/72yIcnH.jpg
OutZone 11,B25,S73,Take a right through doors,https://i.imgur.com/mfmnNN2.jpg

OutZone 12,B20,S73,Take stairs up,https://i.imgur.com/UiyU0lX.jpg,Continue straight; then take slight right,https://i.imgur.com/ODts1ln.jpg,Continue straight,https://i.imgur.com/72yIcnH.jpg

OutZone 13,B9,S54,Continue straight through doors,https://i.imgur.com/Tf91gGc.jpg
OutZone 13,B9,S55,Continue straight,https://i.imgur.com/9Fmrb45.jpg
OutZone 13,B9,S56,Take a slight left through doors,https://i.imgur.com/LfIZNfF.jpg

OutZone 22,C1,S77,Continue straight,https://i.imgur.com/tzP0Wwh.jpg,Take a slight right through doors,https://i.imgur.com/VPy8plm.jpg
OutZone 22,C1,S95,Turn left,https://i.imgur.com/s9OuNvB.jpg,Turn left,https://i.imgur.com/tTCGBDf.jpg
OutZone 22,C1,S99,Turn left,https://i.imgur.com/s9OuNvB.jpg,Take a slight right through doors,https://i.imgur.com/hU7DXTH.jpg
OutZone 22,C2,S77,Continue straight; then left,https://i.imgur.com/CjvYQgU.jpg,Take a slight right through doors,https://i.imgur.com/VPy8plm.jpg

OutZone 23,C5,S78,Continue straight; then right,https://i.imgur.com/bN7dNJK.jpg
OutZone 23,C5,S79,Continue straight through doors,https://i.imgur.com/GbIBSjV.jpg
OutZone 23,C5,S80,Continue straight,https://i.imgur.com/rXCyhCK.jpg,Take a right through doors,https://i.imgur.com/AVERJ8t.jpg
OutZone 23,C5,S81,Continue straight,https://i.imgur.com/rXCyhCK.jpg,Take a slight left,https://i.imgur.com/P06rZeW.jpg
OutZone 23,C5,S82,Continue straight,https://i.imgur.com/rXCyhCK.jpg,Take a slight left through doors,https://i.imgur.com/BaAaAlI.jpg
OutZone 23,C5,S83,Continue straight,https://i.imgur.com/rXCyhCK.jpg,Take a slight right through doors,https://i.imgur.com/gUQQB5I.jpg

OutZone  24,C9,S78,Continue straight,,Continue straight,,Take a left through doors,https://i.imgur.com/UeSQubT.jpg
OutZone  24,C9,S79,Continue straight,,Continue straight,,Take a right through doors,https://i.imgur.com/hu7YeI0.jpg
OutZone  24,C9,S80,Continue straight,,Take a left through doors,https://i.imgur.com/lZTeOit.jpg
OutZone  24,C9,S81,Continue straight,,Take a right through doors,https://i.imgur.com/KSLQyKo.jpg
OutZone  24,C9,S82,Take a right through doors,https://i.imgur.com/9WwTUPw.jpg
OutZone  24,C9,S83,Take a left through doors,https://i.imgur.com/u6JA0he.jpg

OutZone 25,D2,S86,Take a slight right,https://i.imgur.com/2Oq5hTZ.jpg
OutZone 25,D2,S87,Take a slight right,https://i.imgur.com/2qvvenD.jpg,Continue straight,https://i.imgur.com/jAdljHC.jpg
OutZone 25,D2,S88,Continue straight,https://i.imgur.com/h9aiepW.jpg,Turn left,https://i.imgur.com/ki4q442.jpg
OutZone 25,D2,S89,Continue straight,https://i.imgur.com/h9aiepW.jpg,Continue straight through doors,https://i.imgur.com/GPfvrPn.jpg
